MultiPrim;3DIM;SANTOS;..;instances;3_a_10_100_1.tree;10;42;0;6;0.000040;0.015031;0.014000;647;14525;14096;0;415;3942;htc-cmp010;Mon Mar 27 16:28:40 2023
MultiPrim;3DIM;SANTOS;..;instances;3_a_10_100_2.tree;10;42;0;15;0.000085;0.001206;0.001000;138;2202;1971;0;201;977;htc-cmp010;Mon Mar 27 16:28:40 2023
MultiPrim;3DIM;SANTOS;..;instances;3_a_10_100_3.tree;10;42;0;6;0.000036;0.007800;0.007000;591;10441;10032;0;344;2743;htc-cmp010;Mon Mar 27 16:28:40 2023
MultiPrim;3DIM;SANTOS;..;instances;3_a_10_100_4.tree;10;42;0;13;0.000038;0.002904;0.002000;281;4327;3956;0;282;1977;htc-cmp010;Mon Mar 27 16:28:40 2023
MultiPrim;3DIM;SANTOS;..;instances;3_a_10_100_5.tree;10;44;0;12;0.000040;0.011389;0.011000;631;14638;14171;0;415;3601;htc-cmp010;Mon Mar 27 16:28:41 2023
MultiPrim;3DIM;SANTOS;..;instances;3_a_10_150_1.tree;10;43;0;11;0.000125;0.010487;0.010000;587;14747;14187;0;440;3110;htc-cmp010;Mon Mar 27 16:28:41 2023
MultiPrim;3DIM;SANTOS;..;instances;3_a_10_150_2.tree;10;43;0;7;0.000129;0.012550;0.012000;669;16393;15822;0;464;3670;htc-cmp010;Mon Mar 27 16:28:41 2023
MultiPrim;3DIM;SANTOS;..;instances;3_a_10_150_3.tree;10;44;0;9;0.000041;0.007098;0.007000;615;10432;9955;0;392;2717;htc-cmp010;Mon Mar 27 16:28:41 2023
MultiPrim;3DIM;SANTOS;..;instances;3_a_10_150_4.tree;10;44;0;6;0.000040;0.030538;0.030000;1163;29116;28616;0;458;5017;htc-cmp010;Mon Mar 27 16:28:42 2023
MultiPrim;3DIM;SANTOS;..;instances;3_a_10_150_5.tree;10;45;0;11;0.000135;0.006095;0.006000;499;7934;7599;0;294;2153;htc-cmp010;Mon Mar 27 16:28:42 2023
MultiPrim;3DIM;SANTOS;..;instances;3_a_10_200_1.tree;10;45;0;7;0.000059;0.010957;0.011000;579;15533;14822;0;460;2803;htc-cmp010;Mon Mar 27 16:28:42 2023
MultiPrim;3DIM;SANTOS;..;instances;3_a_10_200_2.tree;10;45;1;12;0.000041;0.005256;0.005000;540;7728;7457;0;246;1767;htc-cmp010;Mon Mar 27 16:28:42 2023
MultiPrim;3DIM;SANTOS;..;instances;3_a_10_200_3.tree;10;45;0;17;0.000061;0.001023;0.001000;174;1946;1749;0;154;758;htc-cmp010;Mon Mar 27 16:28:42 2023
MultiPrim;3DIM;SANTOS;..;instances;3_a_10_200_4.tree;10;45;0;16;0.000040;0.002922;0.002000;321;4701;4338;0;193;1327;htc-cmp010;Mon Mar 27 16:28:43 2023
MultiPrim;3DIM;SANTOS;..;instances;3_a_10_200_5.tree;10;45;0;17;0.000069;0.003163;0.003000;188;5808;5166;0;384;1975;htc-cmp010;Mon Mar 27 16:28:43 2023
MultiPrim;3DIM;SANTOS;..;instances;3_a_10_50_1.tree;10;32;0;7;0.000030;0.005310;0.005000;378;7953;7550;0;374;2672;htc-cmp010;Mon Mar 27 16:28:43 2023
MultiPrim;3DIM;SANTOS;..;instances;3_a_10_50_2.tree;10;32;0;6;0.000095;0.002711;0.002000;204;4425;4100;0;277;1692;htc-cmp010;Mon Mar 27 16:28:43 2023
MultiPrim;3DIM;SANTOS;..;instances;3_a_10_50_3.tree;10;36;0;6;0.000102;0.004680;0.004000;358;7020;6652;0;319;2212;htc-cmp010;Mon Mar 27 16:28:44 2023
MultiPrim;3DIM;SANTOS;..;instances;3_a_10_50_4.tree;10;36;0;10;0.000112;0.001643;0.001000;223;3118;2922;0;175;979;htc-cmp010;Mon Mar 27 16:28:44 2023
MultiPrim;3DIM;SANTOS;..;instances;3_a_10_50_5.tree;10;33;0;3;0.000098;0.003194;0.003000;378;5193;4672;0;299;1525;htc-cmp010;Mon Mar 27 16:28:44 2023
MultiPrim;3DIM;SANTOS;..;instances;3_a_11_110_1.tree;11;49;1;12;0.000047;0.008749;0.008000;453;10724;10178;0;464;4171;htc-cmp010;Mon Mar 27 16:28:44 2023
MultiPrim;3DIM;SANTOS;..;instances;3_a_11_110_2.tree;11;49;1;16;0.000046;0.004371;0.004000;355;6185;5830;0;286;2164;htc-cmp010;Mon Mar 27 16:28:44 2023
MultiPrim;3DIM;SANTOS;..;instances;3_a_11_110_3.tree;11;50;0;16;0.000123;0.010921;0.010000;457;14884;14248;0;588;4560;htc-cmp010;Mon Mar 27 16:28:45 2023
MultiPrim;3DIM;SANTOS;..;instances;3_a_11_110_4.tree;11;50;0;13;0.000159;0.014278;0.014000;561;18304;17627;0;615;4705;htc-cmp010;Mon Mar 27 16:28:45 2023
MultiPrim;3DIM;SANTOS;..;instances;3_a_11_110_5.tree;11;49;0;13;0.000161;0.013692;0.013000;521;17007;16345;0;608;4622;htc-cmp010;Mon Mar 27 16:28:45 2023
MultiPrim;3DIM;SANTOS;..;instances;3_a_11_165_1.tree;11;53;0;15;0.000052;0.007109;0.007000;191;9326;8552;0;543;3979;htc-cmp010;Mon Mar 27 16:28:45 2023
MultiPrim;3DIM;SANTOS;..;instances;3_a_11_165_2.tree;11;53;0;14;0.000161;0.040190;0.040000;727;43227;41507;0;917;8841;htc-cmp010;Mon Mar 27 16:28:46 2023
MultiPrim;3DIM;SANTOS;..;instances;3_a_11_165_3.tree;11;51;0;15;0.000066;0.019935;0.019000;743;23152;22289;0;713;6370;htc-cmp010;Mon Mar 27 16:28:46 2023
MultiPrim;3DIM;SANTOS;..;instances;3_a_11_165_4.tree;11;51;0;19;0.000164;0.002750;0.002000;303;4450;4013;0;363;1953;htc-cmp010;Mon Mar 27 16:28:46 2023
MultiPrim;3DIM;SANTOS;..;instances;3_a_11_165_5.tree;11;51;1;10;0.000147;0.017125;0.017000;898;19592;19131;0;404;3587;htc-cmp010;Mon Mar 27 16:28:46 2023
MultiPrim;3DIM;SANTOS;..;instances;3_a_11_220_1.tree;11;53;0;16;0.000050;0.020666;0.020000;637;24551;23635;0;845;7073;htc-cmp010;Mon Mar 27 16:28:46 2023
MultiPrim;3DIM;SANTOS;..;instances;3_a_11_220_2.tree;11;53;1;17;0.000079;0.009555;0.009000;452;13550;12990;0;423;3080;htc-cmp010;Mon Mar 27 16:28:47 2023
MultiPrim;3DIM;SANTOS;..;instances;3_a_11_220_3.tree;11;54;0;14;0.000051;0.023434;0.023000;767;26607;25470;0;797;6793;htc-cmp010;Mon Mar 27 16:28:47 2023
MultiPrim;3DIM;SANTOS;..;instances;3_a_11_220_4.tree;11;54;0;18;0.000055;0.006560;0.006000;360;9730;9151;0;452;3121;htc-cmp010;Mon Mar 27 16:28:47 2023
MultiPrim;3DIM;SANTOS;..;instances;3_a_11_220_5.tree;11;53;0;9;0.000136;0.079378;0.079000;1436;69373;68438;0;891;9719;htc-cmp010;Mon Mar 27 16:28:47 2023
MultiPrim;3DIM;SANTOS;..;instances;3_a_11_55_1.tree;11;34;1;6;0.000103;0.005919;0.005000;300;9137;8591;0;411;2749;htc-cmp010;Mon Mar 27 16:28:47 2023
MultiPrim;3DIM;SANTOS;..;instances;3_a_11_55_2.tree;11;34;0;3;0.000054;0.006616;0.006000;753;9590;9220;0;315;2373;htc-cmp010;Mon Mar 27 16:28:48 2023
MultiPrim;3DIM;SANTOS;..;instances;3_a_11_55_3.tree;11;36;1;11;0.000034;0.003503;0.003000;342;5768;5358;0;336;2211;htc-cmp010;Mon Mar 27 16:28:48 2023
MultiPrim;3DIM;SANTOS;..;instances;3_a_11_55_4.tree;11;36;0;4;0.000106;0.016169;0.016000;521;19608;18813;0;693;6033;htc-cmp010;Mon Mar 27 16:28:48 2023
MultiPrim;3DIM;SANTOS;..;instances;3_a_11_55_5.tree;11;33;0;3;0.000031;0.005678;0.005000;205;8764;8172;0;511;3395;htc-cmp010;Mon Mar 27 16:28:48 2023
MultiPrim;3DIM;SANTOS;..;instances;3_a_12_120_1.tree;12;58;0;15;0.000061;0.094923;0.094000;1085;84775;82686;0;1641;12952;htc-cmp010;Mon Mar 27 16:28:49 2023
MultiPrim;3DIM;SANTOS;..;instances;3_a_12_120_2.tree;12;58;0;12;0.000058;0.056857;0.056000;1094;59934;57710;0;1634;12732;htc-cmp010;Mon Mar 27 16:28:49 2023
MultiPrim;3DIM;SANTOS;..;instances;3_a_12_120_3.tree;12;58;0;17;0.000061;0.040097;0.040000;835;42362;41136;0;1108;10289;htc-cmp010;Mon Mar 27 16:28:49 2023
MultiPrim;3DIM;SANTOS;..;instances;3_a_12_120_4.tree;12;58;0;20;0.000059;0.047132;0.047000;847;48387;46751;0;1390;12012;htc-cmp010;Mon Mar 27 16:28:49 2023
MultiPrim;3DIM;SANTOS;..;instances;3_a_12_120_5.tree;12;55;1;17;0.000184;0.027124;0.027000;953;32084;31058;0;816;6715;htc-cmp010;Mon Mar 27 16:28:49 2023
MultiPrim;3DIM;SANTOS;..;instances;3_a_12_180_1.tree;12;62;0;21;0.000066;0.082050;0.081000;1188;77423;75375;0;1663;15298;htc-cmp010;Mon Mar 27 16:28:50 2023
MultiPrim;3DIM;SANTOS;..;instances;3_a_12_180_2.tree;12;62;1;19;0.000066;0.026035;0.026000;654;29105;27752;0;943;7080;htc-cmp010;Mon Mar 27 16:28:50 2023
MultiPrim;3DIM;SANTOS;..;instances;3_a_12_180_3.tree;12;63;0;18;0.000062;0.049146;0.049000;908;49253;47588;0;1261;10100;htc-cmp010;Mon Mar 27 16:28:50 2023
MultiPrim;3DIM;SANTOS;..;instances;3_a_12_180_4.tree;12;63;0;13;0.000060;0.206710;0.207000;2162;148948;147044;0;1635;18390;htc-cmp010;Mon Mar 27 16:28:51 2023
MultiPrim;3DIM;SANTOS;..;instances;3_a_12_180_5.tree;12;60;0;14;0.000107;0.048227;0.048000;1094;51153;49528;0;1321;11418;htc-cmp010;Mon Mar 27 16:28:51 2023
MultiPrim;3DIM;SANTOS;..;instances;3_a_12_240_1.tree;12;64;0;24;0.000070;0.047744;0.047000;761;48856;46907;0;1296;10742;htc-cmp010;Mon Mar 27 16:28:51 2023
MultiPrim;3DIM;SANTOS;..;instances;3_a_12_240_2.tree;12;64;0;26;0.000071;0.020860;0.020000;994;26832;25581;0;853;5942;htc-cmp010;Mon Mar 27 16:28:51 2023
MultiPrim;3DIM;SANTOS;..;instances;3_a_12_240_3.tree;12;66;1;25;0.000071;0.040331;0.040000;1054;39145;38246;0;858;8862;htc-cmp010;Mon Mar 27 16:28:51 2023
MultiPrim;3DIM;SANTOS;..;instances;3_a_12_240_4.tree;12;66;0;21;0.000234;0.095915;0.095000;1107;86768;84579;0;1787;15940;htc-cmp010;Mon Mar 27 16:28:51 2023
MultiPrim;3DIM;SANTOS;..;instances;3_a_12_240_5.tree;12;64;0;17;0.000064;0.050241;0.050000;1241;49905;48306;0;1234;10160;htc-cmp010;Mon Mar 27 16:28:52 2023
MultiPrim;3DIM;SANTOS;..;instances;3_a_12_60_1.tree;12;40;0;10;0.000039;0.014668;0.014000;324;19072;17658;0;1085;6665;htc-cmp010;Mon Mar 27 16:28:52 2023
MultiPrim;3DIM;SANTOS;..;instances;3_a_12_60_2.tree;12;40;1;8;0.000129;0.010284;0.010000;198;12348;11410;0;822;6010;htc-cmp010;Mon Mar 27 16:28:52 2023
MultiPrim;3DIM;SANTOS;..;instances;3_a_12_60_3.tree;12;39;0;7;0.000036;0.035074;0.035000;588;41236;39585;0;1274;9981;htc-cmp010;Mon Mar 27 16:28:52 2023
MultiPrim;3DIM;SANTOS;..;instances;3_a_12_60_4.tree;12;39;1;8;0.000117;0.016008;0.016000;583;20416;19703;0;696;5606;htc-cmp010;Mon Mar 27 16:28:53 2023
MultiPrim;3DIM;SANTOS;..;instances;3_a_12_60_5.tree;12;38;0;6;0.000115;0.018993;0.019000;531;23063;21775;0;1136;8860;htc-cmp010;Mon Mar 27 16:28:53 2023
MultiPrim;3DIM;SANTOS;..;instances;3_a_13_130_1.tree;13;62;0;17;0.000199;0.190339;0.190000;1203;155027;151765;0;2922;26952;htc-cmp010;Mon Mar 27 16:28:53 2023
MultiPrim;3DIM;SANTOS;..;instances;3_a_13_130_2.tree;13;62;1;27;0.000069;0.032817;0.032000;689;35877;34427;0;1120;9843;htc-cmp010;Mon Mar 27 16:28:53 2023
MultiPrim;3DIM;SANTOS;..;instances;3_a_13_130_3.tree;13;64;1;23;0.000224;0.014822;0.014000;644;18165;17558;0;475;3744;htc-cmp010;Mon Mar 27 16:28:53 2023
MultiPrim;3DIM;SANTOS;..;instances;3_a_13_130_4.tree;13;64;0;15;0.000065;0.206535;0.206000;1372;162288;158371;0;3005;25150;htc-cmp010;Mon Mar 27 16:28:54 2023
MultiPrim;3DIM;SANTOS;..;instances;3_a_13_130_5.tree;13;59;0;19;0.000062;0.065314;0.065000;862;68518;65121;0;2434;16616;htc-cmp010;Mon Mar 27 16:28:54 2023
MultiPrim;3DIM;SANTOS;..;instances;3_a_13_195_1.tree;13;71;1;20;0.000158;0.036033;0.036000;810;39911;37680;0;1232;9872;htc-cmp010;Mon Mar 27 16:28:54 2023
MultiPrim;3DIM;SANTOS;..;instances;3_a_13_195_2.tree;13;71;1;24;0.000273;0.023333;0.023000;1001;27356;25910;0;791;5447;htc-cmp010;Mon Mar 27 16:28:54 2023
MultiPrim;3DIM;SANTOS;..;instances;3_a_13_195_3.tree;13;73;0;20;0.000078;0.146950;0.147000;986;126061;120749;0;2962;23577;htc-cmp010;Mon Mar 27 16:28:55 2023
MultiPrim;3DIM;SANTOS;..;instances;3_a_13_195_5.tree;13;71;0;24;0.000079;0.205871;0.206000;1420;153190;149289;0;2766;23950;htc-cmp010;Mon Mar 27 16:28:55 2023
MultiPrim;3DIM;SANTOS;..;instances;3_a_13_260_1.tree;13;75;1;19;0.000082;0.232885;0.233000;2286;160950;158177;0;1656;16852;htc-cmp010;Mon Mar 27 16:28:55 2023
MultiPrim;3DIM;SANTOS;..;instances;3_a_13_195_4.tree;13;73;0;21;0.000081;0.742163;0.743000;2489;360648;356526;0;3505;40719;htc-cmp010;Mon Mar 27 16:28:55 2023
MultiPrim;3DIM;SANTOS;..;instances;3_a_13_260_2.tree;13;75;0;23;0.000083;0.248515;0.249000;1454;159953;155444;0;3067;29174;htc-cmp010;Mon Mar 27 16:28:56 2023
MultiPrim;3DIM;SANTOS;..;instances;3_a_13_260_3.tree;13;77;0;31;0.000088;0.179573;0.180000;1460;136334;132383;0;2692;26154;htc-cmp010;Mon Mar 27 16:28:56 2023
MultiPrim;3DIM;SANTOS;..;instances;3_a_13_260_5.tree;13;76;0;27;0.000087;0.106442;0.106000;1244;91167;88743;0;2170;18186;htc-cmp010;Mon Mar 27 16:28:56 2023
MultiPrim;3DIM;SANTOS;..;instances;3_a_13_260_4.tree;13;77;0;27;0.000088;0.434060;0.435000;2385;246842;242998;0;3285;37003;htc-cmp010;Mon Mar 27 16:28:56 2023
MultiPrim;3DIM;SANTOS;..;instances;3_a_13_65_1.tree;13;42;0;7;0.000042;0.074582;0.074000;653;71965;69108;0;2131;19199;htc-cmp010;Mon Mar 27 16:28:56 2023
MultiPrim;3DIM;SANTOS;..;instances;3_a_13_65_2.tree;13;42;0;9;0.000043;0.023945;0.023000;691;29789;28542;0;1122;8097;htc-cmp010;Mon Mar 27 16:28:56 2023
MultiPrim;3DIM;SANTOS;..;instances;3_a_13_65_3.tree;13;45;1;11;0.000045;0.006189;0.006000;348;9221;8521;0;617;3971;htc-cmp010;Mon Mar 27 16:28:57 2023
MultiPrim;3DIM;SANTOS;..;instances;3_a_13_65_4.tree;13;45;0;9;0.000048;0.036041;0.036000;740;43918;41562;0;1875;11731;htc-cmp010;Mon Mar 27 16:28:57 2023
MultiPrim;3DIM;SANTOS;..;instances;3_a_13_65_5.tree;13;44;0;3;0.000139;0.078731;0.078000;1387;79873;78370;0;1329;11053;htc-cmp010;Mon Mar 27 16:28:57 2023
MultiPrim;3DIM;SANTOS;..;instances;3_a_14_140_1.tree;14;69;0;17;0.000266;0.179351;0.180000;1360;131883;124923;0;4156;33824;htc-cmp010;Mon Mar 27 16:28:57 2023
MultiPrim;3DIM;SANTOS;..;instances;3_a_14_140_2.tree;14;69;0;18;0.000082;0.059648;0.059000;1219;61083;58267;0;1832;14319;htc-cmp010;Mon Mar 27 16:28:58 2023
MultiPrim;3DIM;SANTOS;..;instances;3_a_14_140_3.tree;14;72;1;17;0.000093;0.396951;0.398000;2192;250118;246379;0;2964;29892;htc-cmp010;Mon Mar 27 16:28:58 2023
MultiPrim;3DIM;SANTOS;..;instances;3_a_14_140_4.tree;14;72;0;16;0.000079;0.547053;0.548000;2141;314167;306390;0;6147;55379;htc-cmp010;Mon Mar 27 16:28:58 2023
MultiPrim;3DIM;SANTOS;..;instances;3_a_14_140_5.tree;14;70;0;23;0.000077;0.441037;0.442000;1633;305607;296380;0;5510;43190;htc-cmp010;Mon Mar 27 16:28:59 2023
MultiPrim;3DIM;SANTOS;..;instances;3_a_14_210_3.tree;14;85;1;31;0.000098;0.617575;0.618000;1912;316943;313751;0;2941;31213;htc-cmp010;Mon Mar 27 16:28:59 2023
MultiPrim;3DIM;SANTOS;..;instances;3_a_14_210_1.tree;14;80;0;18;0.000091;1.408583;1.410000;2398;499098;491943;0;6094;65742;htc-cmp010;Mon Mar 27 16:29:00 2023
MultiPrim;3DIM;SANTOS;..;instances;3_a_14_210_4.tree;14;85;0;32;0.000103;0.832823;0.834000;1571;371487;362292;0;6356;60810;htc-cmp010;Mon Mar 27 16:29:00 2023
MultiPrim;3DIM;SANTOS;..;instances;3_a_14_210_5.tree;14;81;0;26;0.000096;0.781019;0.782000;2540;379754;373107;0;4556;43028;htc-cmp010;Mon Mar 27 16:29:00 2023
MultiPrim;3DIM;SANTOS;..;instances;3_a_14_280_3.tree;14;87;0;29;0.000102;0.535627;0.536000;2008;286664;281603;0;4257;40587;htc-cmp010;Mon Mar 27 16:29:00 2023
MultiPrim;3DIM;SANTOS;..;instances;3_a_14_280_2.tree;14;86;0;31;0.000102;0.900115;0.902000;1873;390807;381937;0;6252;68868;htc-cmp010;Mon Mar 27 16:29:01 2023
MultiPrim;3DIM;SANTOS;..;instances;3_a_14_210_2.tree;14;80;0;22;0.000089;2.034347;2.037000;2997;798179;789291;0;6804;75934;htc-cmp010;Mon Mar 27 16:29:01 2023
MultiPrim;3DIM;SANTOS;..;instances;3_a_14_70_2.tree;14;51;0;10;0.000053;0.190380;0.191000;1462;137366;133639;0;2992;24720;htc-cmp010;Mon Mar 27 16:29:01 2023
MultiPrim;3DIM;SANTOS;..;instances;3_a_14_70_1.tree;14;51;0;4;0.000052;0.471599;0.473000;1407;270465;265088;0;4658;47320;htc-cmp010;Mon Mar 27 16:29:01 2023
MultiPrim;3DIM;SANTOS;..;instances;3_a_14_280_1.tree;14;86;0;27;0.000099;1.711728;1.714000;3708;631041;624952;0;5671;66915;htc-cmp010;Mon Mar 27 16:29:01 2023
MultiPrim;3DIM;SANTOS;..;instances;3_a_14_70_4.tree;14;49;1;7;0.000052;0.049303;0.049000;737;52295;50010;0;1916;14619;htc-cmp010;Mon Mar 27 16:29:01 2023
MultiPrim;3DIM;SANTOS;..;instances;3_a_14_280_4.tree;14;87;0;29;0.000099;1.147933;1.149000;2582;500139;493918;0;5514;58253;htc-cmp010;Mon Mar 27 16:29:01 2023
MultiPrim;3DIM;SANTOS;..;instances;3_a_14_280_5.tree;14;89;0;33;0.000106;1.072163;1.074000;2543;482285;474272;0;6368;61487;htc-cmp010;Mon Mar 27 16:29:01 2023
MultiPrim;3DIM;SANTOS;..;instances;3_a_14_70_3.tree;14;49;0;5;0.000050;0.436287;0.437000;1383;260969;254093;0;5416;54030;htc-cmp010;Mon Mar 27 16:29:01 2023
MultiPrim;3DIM;SANTOS;..;instances;3_a_14_70_5.tree;14;52;1;8;0.000056;0.062820;0.062000;526;64235;61779;0;2139;18039;htc-cmp010;Mon Mar 27 16:29:01 2023
MultiPrim;3DIM;SANTOS;..;instances;3_a_5_100_1.tree;5;10;0;1;0.000032;0.000041;0.000000;16;39;26;0;10;29;htc-cmp010;Mon Mar 27 16:29:02 2023
MultiPrim;3DIM;SANTOS;..;instances;3_a_5_100_2.tree;5;10;0;3;0.000010;0.000017;0.000000;15;42;29;0;13;42;htc-cmp010;Mon Mar 27 16:29:02 2023
MultiPrim;3DIM;SANTOS;..;instances;3_a_5_100_3.tree;5;10;0;1;0.000010;0.000018;0.000000;11;35;22;0;13;41;htc-cmp010;Mon Mar 27 16:29:02 2023
MultiPrim;3DIM;SANTOS;..;instances;3_a_5_100_4.tree;5;10;1;2;0.000010;0.000011;0.000000;12;27;17;0;8;21;htc-cmp010;Mon Mar 27 16:29:02 2023
MultiPrim;3DIM;SANTOS;..;instances;3_a_5_100_5.tree;5;10;0;1;0.000030;0.000020;0.000000;16;47;31;0;14;45;htc-cmp010;Mon Mar 27 16:29:02 2023
MultiPrim;3DIM;SANTOS;..;instances;3_a_5_25_1.tree;5;9;0;0;0.000010;0.000027;0.000000;34;70;57;0;13;50;htc-cmp010;Mon Mar 27 16:29:03 2023
MultiPrim;3DIM;SANTOS;..;instances;3_a_5_25_2.tree;5;9;0;0;0.000010;0.000023;0.000000;20;55;41;0;14;49;htc-cmp010;Mon Mar 27 16:29:03 2023
MultiPrim;3DIM;SANTOS;..;instances;3_a_5_25_3.tree;5;8;0;0;0.000027;0.000017;0.000000;9;39;21;0;15;36;htc-cmp010;Mon Mar 27 16:29:03 2023
MultiPrim;3DIM;SANTOS;..;instances;3_a_5_25_4.tree;5;8;2;2;0.000009;0.000005;0.000000;4;8;4;0;4;7;htc-cmp010;Mon Mar 27 16:29:03 2023
MultiPrim;3DIM;SANTOS;..;instances;3_a_5_25_5.tree;5;9;2;1;0.000027;0.000006;0.000000;9;15;11;0;4;11;htc-cmp010;Mon Mar 27 16:29:04 2023
MultiPrim;3DIM;SANTOS;..;instances;3_a_5_50_1.tree;5;9;0;1;0.000028;0.000094;0.000000;31;75;60;0;14;53;htc-cmp010;Mon Mar 27 16:29:04 2023
MultiPrim;3DIM;SANTOS;..;instances;3_a_5_50_2.tree;5;9;0;2;0.000027;0.000018;0.000000;16;44;30;0;14;41;htc-cmp010;Mon Mar 27 16:29:04 2023
MultiPrim;3DIM;SANTOS;..;instances;3_a_5_50_3.tree;5;10;0;2;0.000029;0.000048;0.000000;14;34;20;0;12;33;htc-cmp010;Mon Mar 27 16:29:04 2023
MultiPrim;3DIM;SANTOS;..;instances;3_a_5_50_4.tree;5;10;0;0;0.000009;0.000034;0.000000;31;85;69;0;16;65;htc-cmp010;Mon Mar 27 16:29:04 2023
MultiPrim;3DIM;SANTOS;..;instances;3_a_5_50_5.tree;5;10;1;1;0.000028;0.000014;0.000000;16;34;25;0;8;26;htc-cmp010;Mon Mar 27 16:29:05 2023
MultiPrim;3DIM;SANTOS;..;instances;3_a_5_75_1.tree;5;10;0;1;0.000031;0.000046;0.000000;15;38;25;0;12;39;htc-cmp010;Mon Mar 27 16:29:05 2023
MultiPrim;3DIM;SANTOS;..;instances;3_a_5_75_2.tree;5;10;0;1;0.000030;0.000045;0.000000;11;29;18;0;10;26;htc-cmp010;Mon Mar 27 16:29:05 2023
MultiPrim;3DIM;SANTOS;..;instances;3_a_5_75_3.tree;5;10;0;1;0.000010;0.000019;0.000000;13;40;25;0;13;39;htc-cmp010;Mon Mar 27 16:29:05 2023
MultiPrim;3DIM;SANTOS;..;instances;3_a_5_75_4.tree;5;10;0;1;0.000024;0.000020;0.000000;15;42;25;0;14;42;htc-cmp010;Mon Mar 27 16:29:05 2023
MultiPrim;3DIM;SANTOS;..;instances;3_a_5_75_5.tree;5;10;0;0;0.000009;0.000024;0.000000;25;58;43;0;13;44;htc-cmp010;Mon Mar 27 16:29:06 2023
MultiPrim;3DIM;SANTOS;..;instances;3_a_6_120_1.tree;6;15;0;2;0.000036;0.000035;0.000000;32;84;64;0;19;66;htc-cmp010;Mon Mar 27 16:29:06 2023
MultiPrim;3DIM;SANTOS;..;instances;3_a_6_120_2.tree;6;15;0;3;0.000014;0.000084;0.000000;62;203;179;0;24;107;htc-cmp010;Mon Mar 27 16:29:06 2023
MultiPrim;3DIM;SANTOS;..;instances;3_a_6_120_3.tree;6;15;0;3;0.000042;0.000102;0.000000;38;175;146;0;28;133;htc-cmp010;Mon Mar 27 16:29:06 2023
MultiPrim;3DIM;SANTOS;..;instances;3_a_6_120_4.tree;6;15;1;1;0.000039;0.000120;0.000000;50;127;110;0;15;73;htc-cmp010;Mon Mar 27 16:29:07 2023
MultiPrim;3DIM;SANTOS;..;instances;3_a_6_120_5.tree;6;15;0;3;0.000013;0.000066;0.000000;41;163;131;0;28;118;htc-cmp010;Mon Mar 27 16:29:07 2023
MultiPrim;3DIM;SANTOS;..;instances;3_a_6_30_1.tree;6;14;0;1;0.000014;0.000067;0.000000;41;158;121;0;30;125;htc-cmp010;Mon Mar 27 16:29:07 2023
MultiPrim;3DIM;SANTOS;..;instances;3_a_6_30_2.tree;6;14;0;1;0.000042;0.000131;0.000000;65;264;231;0;32;160;htc-cmp010;Mon Mar 27 16:29:07 2023
MultiPrim;3DIM;SANTOS;..;instances;3_a_6_30_3.tree;6;13;0;3;0.000012;0.000030;0.000000;18;65;42;0;21;63;htc-cmp010;Mon Mar 27 16:29:07 2023
MultiPrim;3DIM;SANTOS;..;instances;3_a_6_30_4.tree;6;13;0;0;0.000014;0.000052;0.000000;29;115;76;0;30;114;htc-cmp010;Mon Mar 27 16:29:08 2023
MultiPrim;3DIM;SANTOS;..;instances;3_a_6_30_5.tree;6;15;0;2;0.000014;0.000089;0.000000;46;208;175;0;31;135;htc-cmp010;Mon Mar 27 16:29:08 2023
MultiPrim;3DIM;SANTOS;..;instances;3_a_6_60_1.tree;6;15;1;3;0.000046;0.000042;0.000000;31;112;90;0;16;64;htc-cmp010;Mon Mar 27 16:29:08 2023
MultiPrim;3DIM;SANTOS;..;instances;3_a_6_60_2.tree;6;15;0;2;0.000014;0.000074;0.000000;45;178;143;0;30;125;htc-cmp010;Mon Mar 27 16:29:08 2023
MultiPrim;3DIM;SANTOS;..;instances;3_a_6_60_3.tree;6;15;1;3;0.000013;0.000037;0.000000;25;91;74;0;16;71;htc-cmp010;Mon Mar 27 16:29:09 2023
MultiPrim;3DIM;SANTOS;..;instances;3_a_6_60_4.tree;6;15;0;0;0.000042;0.000191;0.000000;96;344;313;0;29;167;htc-cmp010;Mon Mar 27 16:29:09 2023
MultiPrim;3DIM;SANTOS;..;instances;3_a_6_60_5.tree;6;15;0;2;0.000039;0.000097;0.000000;43;157;130;0;27;136;htc-cmp010;Mon Mar 27 16:29:09 2023
MultiPrim;3DIM;SANTOS;..;instances;3_a_6_90_1.tree;6;15;0;2;0.000040;0.000114;0.000000;61;274;242;0;32;162;htc-cmp010;Mon Mar 27 16:29:09 2023
MultiPrim;3DIM;SANTOS;..;instances;3_a_6_90_2.tree;6;15;0;3;0.000040;0.000127;0.000000;52;174;145;0;28;118;htc-cmp010;Mon Mar 27 16:29:09 2023
MultiPrim;3DIM;SANTOS;..;instances;3_a_6_90_3.tree;6;15;2;3;0.000014;0.000011;0.000000;18;35;29;0;6;20;htc-cmp010;Mon Mar 27 16:29:10 2023
MultiPrim;3DIM;SANTOS;..;instances;3_a_6_90_4.tree;6;15;1;1;0.000013;0.000059;0.000000;49;150;134;0;16;85;htc-cmp010;Mon Mar 27 16:29:10 2023
MultiPrim;3DIM;SANTOS;..;instances;3_a_6_90_5.tree;6;15;1;6;0.000040;0.000071;0.000000;16;56;41;0;14;46;htc-cmp010;Mon Mar 27 16:29:10 2023
MultiPrim;3DIM;SANTOS;..;instances;3_a_7_105_1.tree;7;20;0;2;0.000056;0.000241;0.000000;92;438;370;0;49;229;htc-cmp010;Mon Mar 27 16:29:10 2023
MultiPrim;3DIM;SANTOS;..;instances;3_a_7_105_2.tree;7;20;0;3;0.000018;0.000099;0.000000;44;218;161;0;39;147;htc-cmp010;Mon Mar 27 16:29:10 2023
MultiPrim;3DIM;SANTOS;..;instances;3_a_7_105_3.tree;7;21;2;8;0.000053;0.000033;0.000000;24;77;60;0;16;60;htc-cmp010;Mon Mar 27 16:29:11 2023
MultiPrim;3DIM;SANTOS;..;instances;3_a_7_105_4.tree;7;21;0;2;0.000057;0.000873;0.000000;216;1446;1379;0;64;486;htc-cmp010;Mon Mar 27 16:29:11 2023
MultiPrim;3DIM;SANTOS;..;instances;3_a_7_105_5.tree;7;20;0;1;0.000018;0.000323;0.000000;142;692;636;0;56;339;htc-cmp010;Mon Mar 27 16:29:11 2023
MultiPrim;3DIM;SANTOS;..;instances;3_a_7_140_1.tree;7;21;0;3;0.000018;0.000268;0.000000;151;575;525;0;45;263;htc-cmp010;Mon Mar 27 16:29:11 2023
MultiPrim;3DIM;SANTOS;..;instances;3_a_7_140_2.tree;7;21;0;6;0.000055;0.000194;0.000000;60;405;335;0;51;270;htc-cmp010;Mon Mar 27 16:29:12 2023
MultiPrim;3DIM;SANTOS;..;instances;3_a_7_140_3.tree;7;21;0;1;0.000019;0.000303;0.000000;102;659;589;0;60;300;htc-cmp010;Mon Mar 27 16:29:12 2023
MultiPrim;3DIM;SANTOS;..;instances;3_a_7_140_4.tree;7;21;0;5;0.000062;0.000196;0.000000;66;424;355;0;55;253;htc-cmp010;Mon Mar 27 16:29:12 2023
MultiPrim;3DIM;SANTOS;..;instances;3_a_7_140_5.tree;7;21;0;2;0.000059;0.000385;0.000000;63;302;242;0;43;194;htc-cmp010;Mon Mar 27 16:29:12 2023
MultiPrim;3DIM;SANTOS;..;instances;3_a_7_35_1.tree;7;17;0;1;0.000015;0.000366;0.000000;249;803;757;0;44;252;htc-cmp010;Mon Mar 27 16:29:12 2023
MultiPrim;3DIM;SANTOS;..;instances;3_a_7_35_2.tree;7;17;1;5;0.000016;0.000061;0.000000;33;150;114;0;29;112;htc-cmp010;Mon Mar 27 16:29:13 2023
MultiPrim;3DIM;SANTOS;..;instances;3_a_7_35_3.tree;7;19;0;3;0.000017;0.000255;0.000000;109;555;491;0;56;306;htc-cmp010;Mon Mar 27 16:29:13 2023
MultiPrim;3DIM;SANTOS;..;instances;3_a_7_35_4.tree;7;19;0;2;0.000055;0.000392;0.000000;89;421;371;0;44;215;htc-cmp010;Mon Mar 27 16:29:13 2023
MultiPrim;3DIM;SANTOS;..;instances;3_a_7_35_5.tree;7;18;2;8;0.000017;0.000021;0.000000;27;56;44;0;12;41;htc-cmp010;Mon Mar 27 16:29:13 2023
MultiPrim;3DIM;SANTOS;..;instances;3_a_7_70_1.tree;7;19;0;4;0.000017;0.000181;0.000000;78;373;312;0;54;251;htc-cmp010;Mon Mar 27 16:29:14 2023
MultiPrim;3DIM;SANTOS;..;instances;3_a_7_70_2.tree;7;19;0;5;0.000017;0.000127;0.000000;41;297;216;0;55;225;htc-cmp010;Mon Mar 27 16:29:14 2023
MultiPrim;3DIM;SANTOS;..;instances;3_a_7_70_3.tree;7;21;0;1;0.000058;0.000416;0.000000;116;744;662;0;62;304;htc-cmp010;Mon Mar 27 16:29:14 2023
MultiPrim;3DIM;SANTOS;..;instances;3_a_7_70_4.tree;7;21;0;7;0.000056;0.000279;0.000000;37;253;201;0;46;160;htc-cmp010;Mon Mar 27 16:29:14 2023
MultiPrim;3DIM;SANTOS;..;instances;3_a_7_70_5.tree;7;20;0;4;0.000018;0.000151;0.000000;103;373;318;0;41;180;htc-cmp010;Mon Mar 27 16:29:14 2023
MultiPrim;3DIM;SANTOS;..;instances;3_a_8_120_1.tree;8;28;0;4;0.000077;0.000767;0.000000;199;1347;1241;0;90;622;htc-cmp010;Mon Mar 27 16:29:15 2023
MultiPrim;3DIM;SANTOS;..;instances;3_a_8_120_2.tree;8;28;0;9;0.000079;0.000558;0.000000;112;560;509;0;42;202;htc-cmp010;Mon Mar 27 16:29:15 2023
MultiPrim;3DIM;SANTOS;..;instances;3_a_8_120_3.tree;8;28;0;4;0.000075;0.000986;0.001000;176;1366;1252;0;97;667;htc-cmp010;Mon Mar 27 16:29:15 2023
MultiPrim;3DIM;SANTOS;..;instances;3_a_8_120_4.tree;8;28;0;5;0.000079;0.000475;0.000000;163;1014;923;0;66;338;htc-cmp010;Mon Mar 27 16:29:15 2023
MultiPrim;3DIM;SANTOS;..;instances;3_a_8_120_5.tree;8;27;1;3;0.000022;0.000578;0.000000;249;1074;1010;0;58;430;htc-cmp010;Mon Mar 27 16:29:16 2023
MultiPrim;3DIM;SANTOS;..;instances;3_a_8_160_1.tree;8;28;0;7;0.000025;0.000915;0.000000;247;1655;1545;0;101;682;htc-cmp010;Mon Mar 27 16:29:16 2023
MultiPrim;3DIM;SANTOS;..;instances;3_a_8_160_2.tree;8;28;2;10;0.000025;0.000090;0.000000;50;194;168;0;25;137;htc-cmp010;Mon Mar 27 16:29:16 2023
MultiPrim;3DIM;SANTOS;..;instances;3_a_8_160_3.tree;8;28;2;8;0.000081;0.000235;0.000000;45;163;133;0;27;121;htc-cmp010;Mon Mar 27 16:29:16 2023
MultiPrim;3DIM;SANTOS;..;instances;3_a_8_160_4.tree;8;28;0;5;0.000025;0.000395;0.000000;123;810;700;0;72;339;htc-cmp010;Mon Mar 27 16:29:16 2023
MultiPrim;3DIM;SANTOS;..;instances;3_a_8_160_5.tree;8;28;1;5;0.000024;0.000599;0.000000;172;1270;1213;0;56;397;htc-cmp010;Mon Mar 27 16:29:17 2023
MultiPrim;3DIM;SANTOS;..;instances;3_a_8_40_1.tree;8;23;0;2;0.000069;0.000353;0.000000;74;617;523;0;84;410;htc-cmp010;Mon Mar 27 16:29:17 2023
MultiPrim;3DIM;SANTOS;..;instances;3_a_8_40_2.tree;8;23;0;5;0.000020;0.000392;0.000000;67;812;656;0;118;591;htc-cmp010;Mon Mar 27 16:29:17 2023
MultiPrim;3DIM;SANTOS;..;instances;3_a_8_40_3.tree;8;23;0;5;0.000020;0.000715;0.000000;144;1413;1289;0;99;638;htc-cmp010;Mon Mar 27 16:29:17 2023
MultiPrim;3DIM;SANTOS;..;instances;3_a_8_40_4.tree;8;23;2;8;0.000020;0.000037;0.000000;38;94;79;0;13;46;htc-cmp010;Mon Mar 27 16:29:18 2023
MultiPrim;3DIM;SANTOS;..;instances;3_a_8_40_5.tree;8;21;0;2;0.000060;0.000977;0.001000;206;1480;1374;0;90;497;htc-cmp010;Mon Mar 27 16:29:18 2023
MultiPrim;3DIM;SANTOS;..;instances;3_a_8_80_1.tree;8;28;0;6;0.000079;0.001013;0.001000;189;1867;1712;0;124;748;htc-cmp010;Mon Mar 27 16:29:18 2023
MultiPrim;3DIM;SANTOS;..;instances;3_a_8_80_2.tree;8;28;0;8;0.000026;0.000358;0.000000;89;709;606;0;91;454;htc-cmp010;Mon Mar 27 16:29:18 2023
MultiPrim;3DIM;SANTOS;..;instances;3_a_8_80_3.tree;8;28;0;7;0.000078;0.000993;0.001000;135;1497;1372;0;106;677;htc-cmp010;Mon Mar 27 16:29:18 2023
MultiPrim;3DIM;SANTOS;..;instances;3_a_8_80_4.tree;8;28;0;7;0.000076;0.000643;0.000000;113;1334;1199;0;106;567;htc-cmp010;Mon Mar 27 16:29:19 2023
MultiPrim;3DIM;SANTOS;..;instances;3_a_8_80_5.tree;8;26;0;7;0.000023;0.000452;0.000000;112;969;838;0;101;525;htc-cmp010;Mon Mar 27 16:29:19 2023
MultiPrim;3DIM;SANTOS;..;instances;3_a_9_135_1.tree;9;35;0;9;0.000030;0.002206;0.002000;346;3440;3246;0;192;1437;htc-cmp010;Mon Mar 27 16:29:19 2023
MultiPrim;3DIM;SANTOS;..;instances;3_a_9_135_2.tree;9;35;0;9;0.000031;0.001992;0.002000;197;3364;3021;0;230;1325;htc-cmp010;Mon Mar 27 16:29:19 2023
MultiPrim;3DIM;SANTOS;..;instances;3_a_9_135_3.tree;9;34;0;11;0.000030;0.001095;0.001000;170;2143;1877;0;171;877;htc-cmp010;Mon Mar 27 16:29:19 2023
MultiPrim;3DIM;SANTOS;..;instances;3_a_9_135_4.tree;9;34;0;8;0.000103;0.001793;0.001000;242;3199;2963;0;182;1016;htc-cmp010;Mon Mar 27 16:29:20 2023
MultiPrim;3DIM;SANTOS;..;instances;3_a_9_135_5.tree;9;34;0;8;0.000029;0.002238;0.002000;366;3803;3596;0;177;1216;htc-cmp010;Mon Mar 27 16:29:20 2023
MultiPrim;3DIM;SANTOS;..;instances;3_a_9_180_1.tree;9;36;0;9;0.000031;0.002676;0.002000;369;4455;4193;0;220;1386;htc-cmp010;Mon Mar 27 16:29:20 2023
MultiPrim;3DIM;SANTOS;..;instances;3_a_9_180_2.tree;9;36;0;13;0.000034;0.000544;0.000000;142;1080;977;0;85;437;htc-cmp010;Mon Mar 27 16:29:20 2023
MultiPrim;3DIM;SANTOS;..;instances;3_a_9_180_3.tree;9;36;0;10;0.000104;0.002541;0.002000;182;3752;3483;0;219;1579;htc-cmp010;Mon Mar 27 16:29:21 2023
MultiPrim;3DIM;SANTOS;..;instances;3_a_9_180_4.tree;9;36;0;11;0.000109;0.001568;0.001000;198;2323;2108;0;177;1094;htc-cmp010;Mon Mar 27 16:29:21 2023
MultiPrim;3DIM;SANTOS;..;instances;3_a_9_180_5.tree;9;35;0;8;0.000103;0.001327;0.001000;263;2417;2214;0;139;787;htc-cmp010;Mon Mar 27 16:29:21 2023
MultiPrim;3DIM;SANTOS;..;instances;3_a_9_45_1.tree;9;28;1;6;0.000073;0.001051;0.001000;165;1935;1763;0;115;743;htc-cmp010;Mon Mar 27 16:29:21 2023
MultiPrim;3DIM;SANTOS;..;instances;3_a_9_45_2.tree;9;28;0;5;0.000025;0.003843;0.003000;421;5733;5488;0;228;1901;htc-cmp010;Mon Mar 27 16:29:22 2023
MultiPrim;3DIM;SANTOS;..;instances;3_a_9_45_3.tree;9;26;1;4;0.000023;0.000613;0.000000;143;1196;1083;0;88;546;htc-cmp010;Mon Mar 27 16:29:22 2023
MultiPrim;3DIM;SANTOS;..;instances;3_a_9_45_4.tree;9;26;0;2;0.000073;0.000974;0.001000;184;1847;1717;0;119;677;htc-cmp010;Mon Mar 27 16:29:22 2023
MultiPrim;3DIM;SANTOS;..;instances;3_a_9_45_5.tree;9;25;0;0;0.000021;0.003356;0.003000;363;5012;4781;0;211;1581;htc-cmp010;Mon Mar 27 16:29:22 2023
MultiPrim;3DIM;SANTOS;..;instances;3_a_9_90_1.tree;9;33;0;8;0.000091;0.001854;0.001000;243;2769;2583;0;181;1243;htc-cmp010;Mon Mar 27 16:29:22 2023
MultiPrim;3DIM;SANTOS;..;instances;3_a_9_90_2.tree;9;33;2;7;0.000029;0.001039;0.001000;272;1837;1771;0;64;514;htc-cmp010;Mon Mar 27 16:29:23 2023
MultiPrim;3DIM;SANTOS;..;instances;3_a_9_90_3.tree;9;33;0;6;0.000093;0.001851;0.001000;317;2995;2848;0;120;967;htc-cmp010;Mon Mar 27 16:29:23 2023
MultiPrim;3DIM;SANTOS;..;instances;3_a_9_90_4.tree;9;33;0;9;0.000030;0.001176;0.001000;187;2249;2138;0;84;485;htc-cmp010;Mon Mar 27 16:29:23 2023
MultiPrim;3DIM;SANTOS;..;instances;3_a_9_90_5.tree;9;32;0;5;0.000089;0.003496;0.003000;366;4956;4667;0;237;1820;htc-cmp010;Mon Mar 27 16:29:23 2023
